id;first_name;last_name;email;gender;ip_address;data;numb
1;Julia;Boyd;jboyd0@tinypic.com;Female;233.224.77.216;54;39638
2;Phyllis;Hawkins;phawkins1@ameblo.jp;Female;236.189.116.170;76;62
3;Billy;Robinson;brobinson2@t.co;Male;16.186.129.50;44;9
4;Chris;Williams;cwilliams3@china.com.cn;Male;93.74.151.57;6;6
5;Julie;Gomez;jgomez4@dailymail.co.uk;Female;239.42.95.79;72;2024
6;Aaron;Cox;acox5@nytimes.com;Male;243.33.254.237;14;71
7;Kenneth;Baker;kbaker6@fema.gov;Male;154.72.29.77;27;1352
8;Russell;Fuller;rfuller7@vistaprint.com;Male;72.242.153.81;81;3435
9;Michelle;Armstrong;marmstrong8@behance.net;Female;180.143.120.143;22;96
10;Jacqueline;Russell;jrussell9@princeton.edu;Female;226.15.184.246;93;4589
11;Jennifer;Bowman;jbowmana@devhub.com;Female;48.218.243.185;12;4020
12;Janet;Mills;jmillsb@boston.com;Female;23.103.50.67;66;34
13;Patricia;Bryant;pbryantc@comcast.net;Female;103.127.115.145;9;44
14;Keith;Hayes;khayesd@jiathis.com;Male;45.248.95.64;84;62
15;Sean;Welch;swelche@usda.gov;Male;76.233.242.139;5;10721
16;David;Watkins;dwatkinsf@eepurl.com;Male;10.71.93.142;14;2
17;Donna;Rose;droseg@independent.co.uk;Female;114.142.139.185;23;8
18;Emily;Banks;ebanksh@privacy.gov.au;Female;208.80.214.41;65;418
19;Fred;Stewart;fstewarti@hatena.ne.jp;Male;166.31.200.243;97;8481
20;Katherine;Lynch;klynchj@multiply.com;Female;50.164.114.120;32;57
21;Brandon;Vasquez;bvasquezk@ezinearticles.com;Male;53.0.57.89;98;2
22;Robin;Lewis;rlewisl@unc.edu;Female;236.133.164.140;15;3
23;Irene;Long;ilongm@unesco.org;Female;180.139.139.235;72;0914
24;Matthew;Bishop;mbishopn@furl.net;Male;72.140.115.216;9;36
25;Daniel;Richardson;drichardsono@deviantart.com;Male;96.60.226.245;52;210
26;Stephanie;Long;slongp@opera.com;Female;53.66.124.152;5;953
27;Teresa;Harper;tharperq@godaddy.com;Female;248.152.240.87;13;7
28;Rebecca;Coleman;rcolemanr@discovery.com;Female;131.59.141.90;50;1554
29;Heather;Rice;hrices@pagesperso-orange.fr;Female;179.36.91.218;23;03467
30;Randy;Harper;rharpert@live.com;Male;174.144.252.184;58;84
31;Earl;West;ewestu@homestead.com;Male;44.50.86.123;18;75612
32;Steve;Greene;sgreenev@springer.com;Male;117.213.75.164;37;17
33;Earl;Duncan;eduncanw@utexas.edu;Male;64.230.225.233;62;63
34;Peter;Ward;pwardx@noaa.gov;Male;192.183.49.175;9;75
35;Kathryn;Price;kpricey@amazon.com;Female;49.62.190.224;17;87
36;Diane;Hill;dhillz@weibo.com;Female;131.86.186.109;36;2890
37;Wayne;Fisher;wfisher10@bandcamp.com;Male;252.235.100.31;4;8
38;Anne;Ferguson;aferguson11@nytimes.com;Female;227.90.105.137;76;5
39;Marilyn;Harris;mharris12@goo.ne.jp;Female;70.254.97.202;74;04695
40;Alice;Watkins;awatkins13@sciencedirect.com;Female;140.250.90.27;40;00
41;Julie;Ross;jross14@wikipedia.org;Female;200.90.65.193;38;22
42;Sara;Vasquez;svasquez15@weibo.com;Female;157.78.182.43;10;8
43;Christina;Peterson;cpeterson16@ask.com;Female;145.67.233.197;61;772
44;Jimmy;Henderson;jhenderson17@sakura.ne.jp;Male;197.186.185.177;98;75158
45;Deborah;Knight;dknight18@gnu.org;Female;119.27.76.234;29;8
46;Thomas;Grant;tgrant19@nih.gov;Male;9.223.82.242;31;8837
47;Kelly;Meyer;kmeyer1a@ow.ly;Female;128.205.239.127;52;30765
48;Paula;Larson;plarson1b@dedecms.com;Female;110.210.109.196;37;1
49;Sandra;Stewart;sstewart1c@admin.ch;Female;178.109.58.208;10;16396
50;Joan;Elliott;jelliott1d@macromedia.com;Female;126.30.222.242;12;54
51;Adam;Brooks;abrooks1e@networksolutions.com;Male;36.134.231.159;30;887
52;Matthew;Wheeler;mwheeler1f@arizona.edu;Male;146.30.191.53;46;96
53;Debra;Thomas;dthomas1g@fda.gov;Female;5.76.9.222;22;122
54;Donald;Bell;dbell1h@rakuten.co.jp;Male;77.26.217.126;35;64383
55;Nicholas;Hill;nhill1i@elpais.com;Male;106.216.236.104;85;59745
56;Amanda;Lee;alee1j@privacy.gov.au;Female;203.169.31.75;32;53
57;Roger;Day;rday1k@tinypic.com;Male;235.209.204.168;19;22645
58;Katherine;Mills;kmills1l@freewebs.com;Female;246.170.239.250;6;6
59;Kathy;Howard;khoward1m@dailymotion.com;Female;151.24.76.20;46;7
60;Katherine;White;kwhite1n@cam.ac.uk;Female;14.166.163.236;9;1207
61;Roy;Montgomery;rmontgomery1o@columbia.edu;Male;131.130.100.84;69;03342
62;Janice;Freeman;jfreeman1p@time.com;Female;47.201.137.247;87;3
63;Frank;Price;fprice1q@wikispaces.com;Male;167.131.202.153;96;5082
64;Brenda;Holmes;bholmes1r@theglobeandmail.com;Female;100.203.230.164;20;807
65;Lori;Mills;lmills1s@csmonitor.com;Female;69.65.52.125;46;378
66;Kathryn;Stewart;kstewart1t@imdb.com;Female;81.178.169.221;49;93438
67;Pamela;White;pwhite1u@bigcartel.com;Female;58.37.204.134;85;33776
68;Judith;Baker;jbaker1v@digg.com;Female;26.3.200.47;27;16164
69;Mary;Nichols;mnichols1w@japanpost.jp;Female;197.149.236.68;88;67613
70;Rose;Moore;rmoore1x@discuz.net;Female;160.1.112.178;19;36711
71;Thomas;Stewart;tstewart1y@apache.org;Male;149.175.161.106;65;6
72;Paul;Palmer;ppalmer1z@is.gd;Male;0.194.153.200;58;708
73;Judy;Palmer;jpalmer20@marketwatch.com;Female;110.197.135.45;70;6
74;Harold;Bryant;hbryant21@ustream.tv;Male;118.1.147.158;66;140
75;Beverly;Shaw;bshaw22@squarespace.com;Female;174.194.74.5;95;45595
76;Kathleen;Richardson;krichardson23@tuttocitta.it;Female;51.183.11.130;81;581
77;Joseph;Gutierrez;jgutierrez24@weibo.com;Male;114.167.174.32;88;29223
78;Steve;Palmer;spalmer25@comsenz.com;Male;15.33.195.193;52;89
79;Paula;Brown;pbrown26@weebly.com;Female;42.169.172.90;97;16498
80;Peter;Lopez;plopez27@sciencedaily.com;Male;101.60.141.44;71;9
81;Adam;Mason;amason28@instagram.com;Male;174.233.95.22;22;425
82;Susan;Moore;smoore29@icq.com;Female;14.197.119.28;87;28659
83;Eugene;Day;eday2a@meetup.com;Male;161.5.75.150;51;0
84;Jimmy;Alexander;jalexander2b@whitehouse.gov;Male;171.36.122.57;44;15
85;Craig;Berry;cberry2c@google.com.au;Male;84.232.230.191;36;26397
86;Ronald;Hansen;rhansen2d@mayoclinic.com;Male;131.22.179.153;97;5
87;Mary;Austin;maustin2e@uiuc.edu;Female;79.133.36.150;83;09
88;Shawn;Woods;swoods2f@dailymail.co.uk;Male;23.17.155.87;19;51
89;Gregory;Woods;gwoods2g@google.com.br;Male;106.178.73.138;19;67
90;Steve;Torres;storres2h@google.pl;Male;74.114.166.9;5;21827
91;Sara;Martin;smartin2i@godaddy.com;Female;180.169.50.107;43;8
92;Brandon;Willis;bwillis2j@shutterfly.com;Male;215.49.230.204;92;310
93;Philip;Brown;pbrown2k@goo.ne.jp;Male;250.198.70.108;80;8018
94;Lisa;Martin;lmartin2l@webnode.com;Female;107.188.10.24;71;4
95;Maria;Harrison;mharrison2m@mlb.com;Female;193.240.54.158;98;90568
96;Judy;Ramirez;jramirez2n@plala.or.jp;Female;78.238.247.161;68;8
97;Ernest;Ruiz;eruiz2o@cbc.ca;Male;228.0.154.14;56;77
98;Pamela;Ruiz;pruiz2p@cornell.edu;Female;84.70.219.75;60;1
99;Russell;Powell;rpowell2q@weather.com;Male;171.134.126.239;58;362
100;Jessica;Bradley;jbradley2r@ow.ly;Female;81.72.30.20;38;0484
101;Robin;Bell;rbell2s@mapy.cz;Female;74.190.122.246;55;88
102;Emily;Wells;ewells2t@squidoo.com;Female;108.255.222.62;20;19225
103;Wayne;Frazier;wfrazier2u@mozilla.com;Male;152.72.39.19;78;4
104;Christina;Boyd;cboyd2v@dion.ne.jp;Female;214.131.24.56;11;41
105;Marie;Willis;mwillis2w@unicef.org;Female;164.80.154.43;34;5
106;Deborah;Banks;dbanks2x@reuters.com;Female;102.193.138.183;84;47603
107;Bruce;Nichols;bnichols2y@about.com;Male;228.254.150.59;35;645
108;Raymond;Robinson;rrobinson2z@columbia.edu;Male;247.197.192.166;18;2
109;Ernest;Andrews;eandrews30@opensource.org;Male;68.191.91.21;31;61
110;Marilyn;Armstrong;marmstrong31@goo.gl;Female;168.154.171.166;67;932
111;Mary;Morales;mmorales32@theglobeandmail.com;Female;148.165.219.145;85;59
112;Nancy;Porter;nporter33@com.com;Female;40.225.111.136;4;12
113;Elizabeth;Russell;erussell34@bandcamp.com;Female;190.193.11.107;34;0
114;Alice;Ramirez;aramirez35@hud.gov;Female;218.206.191.190;45;28765
115;Mildred;Stephens;mstephens36@ed.gov;Female;148.190.131.172;82;880
116;Charles;Hall;chall37@newsvine.com;Male;186.9.140.35;37;391
117;Larry;Robertson;lrobertson38@technorati.com;Male;154.169.149.137;1;45
118;Ralph;Williams;rwilliams39@answers.com;Male;98.53.52.171;59;15
119;Thomas;Martinez;tmartinez3a@sourceforge.net;Male;196.107.137.28;81;5
120;Michelle;Rose;mrose3b@nydailynews.com;Female;72.206.144.173;82;64
121;Gloria;Bailey;gbailey3c@usgs.gov;Female;205.209.37.193;26;52200
122;Bobby;Carr;bcarr3d@bravesites.com;Male;133.167.247.111;17;8
123;Christina;Lewis;clewis3e@umn.edu;Female;203.123.204.148;26;103
124;Patrick;Shaw;pshaw3f@cargocollective.com;Male;86.203.104.22;17;606
125;Tina;Garcia;tgarcia3g@cbslocal.com;Female;41.246.196.198;23;65
126;Gary;Rivera;grivera3h@example.com;Male;54.140.177.45;30;75416
127;Andrea;Kennedy;akennedy3i@squidoo.com;Female;43.107.241.247;3;50
128;Norma;Day;nday3j@hp.com;Female;126.51.117.149;70;18873
129;Thomas;Henry;thenry3k@soup.io;Male;18.19.103.27;79;975
130;Richard;Fernandez;rfernandez3l@ezinearticles.com;Male;34.133.174.199;79;7376
131;Kathy;Cole;kcole3m@about.me;Female;34.3.143.183;4;86
132;Donald;Lee;dlee3n@cornell.edu;Male;41.252.74.176;100;8
133;Thomas;Reyes;treyes3o@vistaprint.com;Male;11.93.139.199;41;141
134;Margaret;Fernandez;mfernandez3p@blogspot.com;Female;213.57.169.68;54;53559
135;Gerald;Mccoy;gmccoy3q@elegantthemes.com;Male;132.231.46.241;69;2
136;Timothy;Shaw;tshaw3r@tripadvisor.com;Male;43.35.138.190;89;3
137;Janet;Gilbert;jgilbert3s@opera.com;Female;247.129.246.167;72;8
138;Jennifer;Nelson;jnelson3t@merriam-webster.com;Female;106.197.219.247;31;0381
139;Laura;Morales;lmorales3u@wikia.com;Female;146.89.254.1;62;79
140;Harold;Kim;hkim3v@umn.edu;Male;4.31.214.161;97;548
141;Peter;Hart;phart3w@europa.eu;Male;147.229.4.15;67;131
142;Amy;Porter;aporter3x@mediafire.com;Female;114.204.242.63;48;8
143;Ruth;Wagner;rwagner3y@storify.com;Female;152.234.30.230;95;0
144;Benjamin;Greene;bgreene3z@ca.gov;Male;52.137.97.252;97;606
145;Howard;Cooper;hcooper40@discovery.com;Male;175.50.100.91;99;665
146;Teresa;Holmes;tholmes41@blinklist.com;Female;234.228.200.16;74;73163
147;Ann;Duncan;aduncan42@marriott.com;Female;3.245.216.225;3;8191
148;Nancy;Hernandez;nhernandez43@pcworld.com;Female;62.199.94.112;80;59747
149;Johnny;Scott;jscott44@fema.gov;Male;161.76.6.93;80;882
150;Martin;Fox;mfox45@sphinn.com;Male;69.104.114.207;98;1
151;Arthur;Romero;aromero46@shareasale.com;Male;207.86.2.15;90;5
152;Karen;Richardson;krichardson47@github.com;Female;204.155.103.232;54;9335
153;Kelly;Miller;kmiller48@posterous.com;Female;11.91.103.7;65;123
154;Linda;Cruz;lcruz49@godaddy.com;Female;250.102.96.46;90;90
155;Harold;Hughes;hhughes4a@de.vu;Male;215.128.125.255;27;18452
156;Victor;Kennedy;vkennedy4b@free.fr;Male;53.191.196.226;14;3
157;Andrea;Mills;amills4c@dropbox.com;Female;71.73.7.172;49;37
158;Paul;Johnston;pjohnston4d@geocities.com;Male;4.11.53.246;88;70
159;Katherine;Hunt;khunt4e@arizona.edu;Female;31.125.230.156;39;37
160;Roger;Fisher;rfisher4f@printfriendly.com;Male;218.252.41.158;82;28063
161;Adam;Matthews;amatthews4g@loc.gov;Male;113.182.103.160;77;424
162;Martha;Mendoza;mmendoza4h@mac.com;Female;39.76.154.86;53;9
163;Craig;Moreno;cmoreno4i@wordpress.com;Male;62.22.229.214;56;2
164;Phillip;Torres;ptorres4j@fastcompany.com;Male;210.93.106.104;52;513
165;Alice;Jackson;ajackson4k@cocolog-nifty.com;Female;205.68.106.1;20;56057
166;Julie;Hamilton;jhamilton4l@blog.com;Female;14.243.52.57;87;07
167;Robert;Flores;rflores4m@dell.com;Male;168.238.30.101;92;33416
168;Martin;Ford;mford4n@mac.com;Male;67.215.19.244;48;1292
169;Tammy;Watkins;twatkins4o@ustream.tv;Female;176.61.188.158;74;14590
170;Jerry;Mills;jmills4p@zimbio.com;Male;151.121.7.218;12;91267
171;Arthur;Boyd;aboyd4q@sun.com;Male;115.126.231.9;32;24
172;Jessica;Baker;jbaker4r@telegraph.co.uk;Female;164.226.242.9;83;43427
173;Theresa;Richardson;trichardson4s@seesaa.net;Female;231.21.62.174;28;42793
174;Sandra;Bell;sbell4t@bandcamp.com;Female;215.146.203.71;86;93
175;Gary;Elliott;gelliott4u@mac.com;Male;71.129.63.217;32;8
176;Howard;Gutierrez;hgutierrez4v@hugedomains.com;Male;82.154.98.0;18;284
177;James;Olson;jolson4w@sfgate.com;Male;133.217.42.18;12;10
178;Howard;Nguyen;hnguyen4x@flickr.com;Male;94.33.196.138;77;8646
179;Gerald;Richards;grichards4y@biglobe.ne.jp;Male;209.54.137.13;27;6
180;Alice;Patterson;apatterson4z@google.cn;Female;123.185.9.108;41;9828
181;Amy;Welch;awelch50@dmoz.org;Female;176.246.103.20;90;0496
182;Amanda;Kelly;akelly51@wikispaces.com;Female;68.12.95.22;62;62
183;Sharon;Vasquez;svasquez52@imageshack.us;Female;99.239.88.231;99;95
184;Roger;Carroll;rcarroll53@bing.com;Male;95.231.167.193;57;93
185;Frances;Hudson;fhudson54@fc2.com;Female;43.117.32.240;4;4
186;Ryan;Banks;rbanks55@businessinsider.com;Male;176.222.138.210;11;766
187;Edward;Griffin;egriffin56@de.vu;Male;23.49.216.180;87;012
188;Karen;Olson;kolson57@ebay.com;Female;128.27.250.180;38;98028
189;Helen;Sullivan;hsullivan58@t.co;Female;151.76.51.24;59;7
190;Martha;Bennett;mbennett59@fc2.com;Female;85.224.160.166;25;098
191;Ralph;Wells;rwells5a@163.com;Male;157.12.26.93;25;7
192;Ann;Harrison;aharrison5b@deliciousdays.com;Female;58.251.98.169;80;4
193;Mildred;Edwards;medwards5c@newsvine.com;Female;91.230.203.100;17;2
194;Michelle;Moore;mmoore5d@ucla.edu;Female;221.17.71.10;8;24374
195;Russell;Coleman;rcoleman5e@liveinternet.ru;Male;17.111.223.13;44;98629
196;Diana;Long;dlong5f@toplist.cz;Female;220.105.2.118;68;0506
197;Jessica;Pierce;jpierce5g@vistaprint.com;Female;3.162.42.6;20;79138
198;Alan;Burton;aburton5h@nasa.gov;Male;53.78.144.59;60;07
199;Lori;Hall;lhall5i@omniture.com;Female;132.100.21.96;91;683
200;Joyce;Hughes;jhughes5j@goo.gl;Female;14.179.195.144;84;5
201;Christine;Simmons;csimmons5k@slate.com;Female;147.41.209.17;14;718
202;Jessica;Allen;jallen5l@latimes.com;Female;48.43.158.169;11;6
203;Paula;Kennedy;pkennedy5m@plala.or.jp;Female;82.166.10.241;97;0428
204;Beverly;Hudson;bhudson5n@bbc.co.uk;Female;16.202.29.115;42;1791
205;Susan;Garza;sgarza5o@umn.edu;Female;99.206.117.230;16;0
206;Irene;Thomas;ithomas5p@cnet.com;Female;191.108.255.94;5;33
207;Willie;Crawford;wcrawford5q@stanford.edu;Male;130.55.102.152;91;16279
208;Janice;Jackson;jjackson5r@fotki.com;Female;22.241.36.214;93;241
209;George;Dean;gdean5s@dropbox.com;Male;214.118.112.175;81;1
210;Lori;Hanson;lhanson5t@microsoft.com;Female;129.95.110.185;7;178
211;Gary;Garrett;ggarrett5u@google.cn;Male;85.242.179.48;68;93155
212;John;Gonzales;jgonzales5v@cargocollective.com;Male;5.154.161.166;54;976
213;Howard;Lawson;hlawson5w@yellowpages.com;Male;66.232.119.130;96;34
214;Roy;Bishop;rbishop5x@comcast.net;Male;18.222.132.227;87;31
215;Debra;Rodriguez;drodriguez5y@shinystat.com;Female;132.146.10.27;77;576
216;Anthony;Kelley;akelley5z@friendfeed.com;Male;104.108.101.81;84;89
217;Carol;Sanders;csanders60@oaic.gov.au;Female;224.110.189.212;88;74
218;Judith;Garrett;jgarrett61@addthis.com;Female;124.6.114.104;81;31
219;Charles;Cruz;ccruz62@wikimedia.org;Male;77.176.13.47;100;33737
220;Stephanie;Stephens;sstephens63@pagesperso-orange.fr;Female;168.236.144.21;20;30
221;Daniel;Knight;dknight64@samsung.com;Male;222.203.206.251;67;53014
222;Bruce;Wright;bwright65@nationalgeographic.com;Male;120.163.56.132;98;41609
223;Philip;Harrison;pharrison66@google.co.jp;Male;223.211.200.49;98;8
224;Juan;King;jking67@dedecms.com;Male;190.173.172.58;49;803
225;Catherine;Diaz;cdiaz68@cbsnews.com;Female;212.134.84.52;84;6
226;Michelle;White;mwhite69@home.pl;Female;222.227.147.216;25;572
227;Eric;Jackson;ejackson6a@hibu.com;Male;236.36.89.105;7;73841
228;James;Garrett;jgarrett6b@foxnews.com;Male;99.55.110.45;40;6148
229;Philip;Turner;pturner6c@google.com.au;Male;162.225.159.184;26;7645
230;Samuel;Castillo;scastillo6d@aol.com;Male;80.42.169.108;44;7
231;Christine;Ortiz;cortiz6e@cbslocal.com;Female;138.80.128.16;85;399
232;Julia;Barnes;jbarnes6f@nhs.uk;Female;217.211.61.83;6;37
233;Ann;Crawford;acrawford6g@parallels.com;Female;116.99.109.118;54;314
234;Laura;Collins;lcollins6h@howstuffworks.com;Female;124.65.30.252;32;93653
235;Nancy;Hamilton;nhamilton6i@telegraph.co.uk;Female;75.147.122.102;33;04052
236;Howard;Weaver;hweaver6j@prnewswire.com;Male;186.163.107.60;98;6
237;David;Johnston;djohnston6k@typepad.com;Male;251.254.51.87;31;818
238;Gregory;Mcdonald;gmcdonald6l@princeton.edu;Male;124.174.47.55;62;717
239;George;Ford;gford6m@bravesites.com;Male;185.157.107.109;100;24176
240;Albert;Bennett;abennett6n@ow.ly;Male;187.193.247.182;24;480
241;Diana;Nelson;dnelson6o@amazon.com;Female;78.32.34.225;91;7068
242;Roger;Fuller;rfuller6p@ehow.com;Male;254.220.205.240;6;52
243;Catherine;Scott;cscott6q@yellowpages.com;Female;49.155.180.238;94;2467
244;David;Harris;dharris6r@t-online.de;Male;144.239.226.49;10;7235
245;Debra;Kennedy;dkennedy6s@zimbio.com;Female;121.254.161.52;3;5
246;Paul;Cruz;pcruz6t@hibu.com;Male;0.217.156.198;99;3
247;Larry;Castillo;lcastillo6u@cbc.ca;Male;251.101.18.196;47;93
248;Diana;Boyd;dboyd6v@opera.com;Female;202.63.57.249;82;909
249;Amanda;Gordon;agordon6w@globo.com;Female;76.170.117.164;94;8219
250;Todd;Hart;thart6x@feedburner.com;Male;154.255.47.103;6;54
251;Beverly;Perez;bperez6y@furl.net;Female;253.251.242.37;39;603
252;Deborah;Berry;dberry6z@dropbox.com;Female;11.145.19.59;60;6162
253;Antonio;Armstrong;aarmstrong70@nsw.gov.au;Male;197.154.168.129;18;907
254;Alan;Mccoy;amccoy71@ca.gov;Male;245.132.196.29;56;1
255;Cynthia;Nelson;cnelson72@bizjournals.com;Female;175.88.79.110;27;834
256;Cheryl;Fox;cfox73@topsy.com;Female;36.162.87.27;44;6
257;Christina;Knight;cknight74@businessinsider.com;Female;223.94.240.26;30;22
258;John;Clark;jclark75@etsy.com;Male;67.207.49.170;95;76
259;Ruby;Gray;rgray76@nps.gov;Female;155.119.33.188;49;7650
260;Andrew;Rivera;arivera77@webs.com;Male;155.204.158.65;55;971
261;Paula;Stewart;pstewart78@google.co.uk;Female;138.153.8.19;42;92
262;Adam;Gray;agray79@nsw.gov.au;Male;2.55.119.217;94;37
263;Shawn;Peterson;speterson7a@wp.com;Male;20.190.249.252;78;724
264;Marilyn;Hayes;mhayes7b@weather.com;Female;201.211.225.182;36;039
265;Elizabeth;Stevens;estevens7c@quantcast.com;Female;154.128.63.165;77;34
266;Terry;Duncan;tduncan7d@aol.com;Male;116.59.199.109;100;8
267;Denise;Stephens;dstephens7e@omniture.com;Female;247.26.205.102;79;3
268;Deborah;Flores;dflores7f@hao123.com;Female;252.227.38.170;50;01
269;Susan;Snyder;ssnyder7g@wired.com;Female;131.206.103.57;30;23
270;Brian;Ellis;bellis7h@slate.com;Male;129.68.32.152;100;60
271;Mary;Lewis;mlewis7i@epa.gov;Female;32.65.149.160;28;09
272;William;Gilbert;wgilbert7j@vkontakte.ru;Male;94.218.222.8;32;364
273;Harold;Walker;hwalker7k@google.com.br;Male;25.199.38.97;88;82
274;Peter;Lopez;plopez7l@ehow.com;Male;77.98.46.186;10;69893
275;Brandon;Warren;bwarren7m@mashable.com;Male;182.89.2.188;55;8
276;Christopher;Hayes;chayes7n@webnode.com;Male;2.201.200.55;10;756
277;Margaret;Burns;mburns7o@dropbox.com;Female;4.129.63.0;77;44330
278;Aaron;Gardner;agardner7p@nasa.gov;Male;142.103.237.79;70;8
279;Albert;Ray;aray7q@bloomberg.com;Male;190.148.3.76;35;8
280;Judith;Riley;jriley7r@cmu.edu;Female;229.34.70.224;64;86
281;Karen;Miller;kmiller7s@blog.com;Female;225.141.207.126;45;098
282;Ann;Baker;abaker7t@ca.gov;Female;85.221.152.37;62;6
283;Brandon;West;bwest7u@oakley.com;Male;188.104.103.121;29;2
284;Shawn;Willis;swillis7v@wikispaces.com;Male;132.167.150.164;22;3
285;Catherine;Williamson;cwilliamson7w@vkontakte.ru;Female;95.99.212.155;89;7933
286;Mark;Reynolds;mreynolds7x@g.co;Male;96.215.188.207;50;464
287;Douglas;Stewart;dstewart7y@123-reg.co.uk;Male;67.11.191.28;19;14
288;Sarah;Banks;sbanks7z@sakura.ne.jp;Female;35.186.33.122;32;4499
289;Diane;Freeman;dfreeman80@vinaora.com;Female;131.99.38.146;97;4
290;Keith;Clark;kclark81@mail.ru;Male;83.96.240.166;22;1
291;Sarah;Hayes;shayes82@java.com;Female;110.23.67.188;50;468
292;Evelyn;Day;eday83@pagesperso-orange.fr;Female;233.220.112.120;13;9
293;Sara;Alvarez;salvarez84@360.cn;Female;201.10.181.61;51;210
294;Carlos;Hayes;chayes85@pagesperso-orange.fr;Male;60.208.231.132;89;351
295;Brenda;Bradley;bbradley86@blogtalkradio.com;Female;98.4.246.231;65;6
296;James;Mitchell;jmitchell87@issuu.com;Male;229.201.79.108;2;91854
297;Anthony;Rodriguez;arodriguez88@w3.org;Male;105.164.178.200;95;1728
298;Phyllis;Burns;pburns89@issuu.com;Female;148.56.96.80;50;3
299;Gary;Adams;gadams8a@chron.com;Male;64.154.109.185;64;026
300;Lillian;Rice;lrice8b@discovery.com;Female;157.204.192.175;38;77
301;Susan;Stevens;sstevens8c@ning.com;Female;239.40.220.163;37;7833
302;Kelly;Reynolds;kreynolds8d@harvard.edu;Female;145.153.164.108;98;20
303;Phillip;Davis;pdavis8e@addthis.com;Male;198.49.102.114;24;8
304;Doris;Mcdonald;dmcdonald8f@theatlantic.com;Female;26.130.185.189;81;09320
305;Gloria;Payne;gpayne8g@parallels.com;Female;63.159.158.20;67;22658
306;Benjamin;Smith;bsmith8h@godaddy.com;Male;111.90.247.231;73;8905
307;Pamela;Nguyen;pnguyen8i@huffingtonpost.com;Female;112.85.168.124;40;247
308;Stephanie;Black;sblack8j@google.it;Female;199.0.22.208;44;892
309;Ruby;Henderson;rhenderson8k@arstechnica.com;Female;68.183.13.5;20;2271
310;Bruce;Lopez;blopez8l@icq.com;Male;63.12.213.79;35;06010
311;Willie;Ortiz;wortiz8m@w3.org;Male;172.228.96.163;59;097
312;Sarah;Marshall;smarshall8n@blog.com;Female;52.64.68.57;57;8241
313;Helen;Dean;hdean8o@bbb.org;Female;63.167.68.173;11;2
314;Melissa;Murphy;mmurphy8p@usnews.com;Female;30.250.149.12;1;82854
315;Bonnie;Washington;bwashington8q@tuttocitta.it;Female;255.45.163.159;94;73
316;Jason;Wheeler;jwheeler8r@pcworld.com;Male;178.117.49.242;16;70034
317;Johnny;Ferguson;jferguson8s@fastcompany.com;Male;60.223.177.160;92;7817
318;Sean;Williams;swilliams8t@techcrunch.com;Male;115.31.50.51;35;654
319;Sarah;Alvarez;salvarez8u@1688.com;Female;159.135.28.172;51;54099
320;Raymond;Kennedy;rkennedy8v@earthlink.net;Male;251.232.186.197;99;756
321;Stephen;Alexander;salexander8w@examiner.com;Male;101.37.176.103;52;03
322;Barbara;Sanchez;bsanchez8x@google.com.au;Female;6.162.172.216;72;21238
323;Kelly;Stevens;kstevens8y@pinterest.com;Female;164.106.10.158;83;067
324;Laura;Reyes;lreyes8z@princeton.edu;Female;173.244.145.235;57;814
325;Justin;Gonzales;jgonzales90@bloglines.com;Male;71.3.36.71;54;31352
326;Raymond;Snyder;rsnyder91@cbsnews.com;Male;192.14.26.228;21;9769
327;Edward;Ramirez;eramirez92@instagram.com;Male;48.158.68.51;47;34777
328;Antonio;Thompson;athompson93@chicagotribune.com;Male;54.123.80.126;9;49
329;Joe;Williams;jwilliams94@a8.net;Male;156.228.207.253;95;5
330;Robin;Bradley;rbradley95@nydailynews.com;Female;67.197.242.188;75;1
331;Henry;Ryan;hryan96@cbslocal.com;Male;196.180.131.28;23;75827
332;Teresa;Martinez;tmartinez97@sphinn.com;Female;88.15.3.38;64;625
333;Angela;Collins;acollins98@wikimedia.org;Female;9.23.28.192;31;6023
334;Sandra;Sanders;ssanders99@163.com;Female;128.7.29.107;85;28114
335;Mary;Young;myoung9a@gizmodo.com;Female;197.168.230.14;99;281
336;Pamela;Richardson;prichardson9b@instagram.com;Female;75.146.133.212;12;918
337;Martin;Stanley;mstanley9c@comsenz.com;Male;96.215.148.119;58;9557
338;Julie;Daniels;jdaniels9d@cyberchimps.com;Female;224.24.188.182;63;4
339;Jonathan;Austin;jaustin9e@github.io;Male;176.204.30.153;55;8116
340;Tina;Graham;tgraham9f@studiopress.com;Female;32.20.174.208;28;4
341;Philip;Grant;pgrant9g@over-blog.com;Male;178.31.238.14;92;472
342;Juan;Hansen;jhansen9h@umn.edu;Male;79.209.4.195;52;2
343;Victor;Henderson;vhenderson9i@latimes.com;Male;150.39.59.44;8;5
344;Dennis;Myers;dmyers9j@webnode.com;Male;251.248.156.72;9;829
345;Marilyn;Richards;mrichards9k@godaddy.com;Female;140.126.234.109;8;1
346;Gloria;Porter;gporter9l@wikipedia.org;Female;77.15.43.46;6;6
347;Jacqueline;Weaver;jweaver9m@google.es;Female;246.36.155.196;63;0037
348;Donald;Davis;ddavis9n@tmall.com;Male;43.242.237.61;14;0103
349;Ashley;Washington;awashington9o@newsvine.com;Female;245.161.93.50;95;03837
350;Kathleen;Porter;kporter9p@miitbeian.gov.cn;Female;81.60.238.39;77;1653
351;Linda;Washington;lwashington9q@nih.gov;Female;233.97.188.106;81;80656
352;Julie;Burns;jburns9r@imgur.com;Female;82.211.25.183;80;08
353;Aaron;Green;agreen9s@mozilla.com;Male;144.67.194.120;31;88267
354;Teresa;Carter;tcarter9t@pen.io;Female;116.163.181.139;68;8223
355;Alice;Garrett;agarrett9u@altervista.org;Female;61.26.252.153;44;33
356;Amy;Green;agreen9v@google.co.jp;Female;63.69.88.73;41;37
357;Carlos;Taylor;ctaylor9w@plala.or.jp;Male;22.142.224.140;13;810
358;Martin;Cruz;mcruz9x@blinklist.com;Male;122.206.175.112;83;6
359;Denise;Robertson;drobertson9y@cornell.edu;Female;144.154.47.78;91;1202
360;Linda;Chavez;lchavez9z@w3.org;Female;228.30.129.50;87;600
361;Billy;Mendoza;bmendozaa0@sfgate.com;Male;183.70.100.80;97;80
362;James;Harper;jharpera1@hc360.com;Male;196.30.178.13;1;1
363;Linda;Palmer;lpalmera2@tripadvisor.com;Female;110.244.27.209;87;8
364;Judy;Burton;jburtona3@si.edu;Female;142.246.200.225;90;5
365;Brandon;Alvarez;balvareza4@bigcartel.com;Male;84.14.56.195;96;0767
366;Cheryl;Dixon;cdixona5@wunderground.com;Female;151.143.229.120;46;515
367;Theresa;Allen;tallena6@example.com;Female;132.227.115.218;100;498
368;Laura;Phillips;lphillipsa7@wikimedia.org;Female;64.206.239.3;70;627
369;Patricia;Howard;phowarda8@wired.com;Female;215.232.50.180;31;33
370;Cheryl;Watkins;cwatkinsa9@technorati.com;Female;187.107.124.217;95;196
371;Christine;Stone;cstoneaa@wikia.com;Female;226.179.193.3;3;84
372;Gloria;Watson;gwatsonab@guardian.co.uk;Female;24.110.53.19;21;35
373;Wayne;Lawrence;wlawrenceac@ted.com;Male;124.98.95.83;13;0936
374;Jeremy;Hicks;jhicksad@amazon.co.jp;Male;4.191.88.54;19;2
375;Wanda;Moreno;wmorenoae@japanpost.jp;Female;162.164.86.241;52;25
376;Todd;Woods;twoodsaf@loc.gov;Male;145.151.159.81;21;9
377;Julie;Meyer;jmeyerag@istockphoto.com;Female;104.250.1.215;86;06
378;Craig;Pierce;cpierceah@purevolume.com;Male;51.163.241.253;33;52
379;Ruby;Richards;rrichardsai@webeden.co.uk;Female;162.18.141.165;44;3
380;Jessica;Harris;jharrisaj@soup.io;Female;9.91.250.145;68;22
381;Margaret;Burton;mburtonak@google.pl;Female;109.255.128.70;13;972
382;Frances;Perez;fperezal@wiley.com;Female;143.5.58.92;38;5
383;Christina;Fisher;cfisheram@booking.com;Female;205.130.16.248;22;1
384;Brian;Duncan;bduncanan@weebly.com;Male;48.157.216.113;47;150
385;Lillian;Hall;lhallao@yelp.com;Female;191.242.32.247;88;177
386;Margaret;Young;myoungap@example.com;Female;192.149.210.115;82;3
387;Lisa;Gordon;lgordonaq@addtoany.com;Female;200.27.224.221;2;23388
388;Julie;Berry;jberryar@cdbaby.com;Female;143.214.216.22;64;3
389;James;Ford;jfordas@wufoo.com;Male;126.230.198.224;3;60
390;Frank;Andrews;fandrewsat@bloomberg.com;Male;65.29.135.170;51;57647
391;Jessica;Scott;jscottau@4shared.com;Female;96.105.59.126;11;92369
392;Debra;George;dgeorgeav@washington.edu;Female;182.27.157.69;83;7278
393;Roger;Richardson;rrichardsonaw@sohu.com;Male;101.161.124.137;96;43359
394;Rebecca;Frazier;rfrazierax@theglobeandmail.com;Female;107.113.222.48;38;7
395;Stephanie;Lewis;slewisay@google.fr;Female;234.54.41.10;80;75
396;Eric;Collins;ecollinsaz@imageshack.us;Male;175.112.134.183;71;5
397;Gerald;Wood;gwoodb0@mac.com;Male;19.102.190.153;51;4400
398;Larry;Dean;ldeanb1@barnesandnoble.com;Male;158.24.68.162;74;2
399;Scott;Fuller;sfullerb2@samsung.com;Male;122.189.83.0;81;006
400;Eric;Mills;emillsb3@mashable.com;Male;203.154.168.24;45;066
401;Kelly;Ruiz;kruizb4@bizjournals.com;Female;171.120.108.208;75;05803
402;Paula;Daniels;pdanielsb5@google.de;Female;180.156.134.62;33;1
403;Jessica;Green;jgreenb6@dmoz.org;Female;144.41.178.26;30;8
404;Sean;Willis;swillisb7@linkedin.com;Male;246.160.228.106;63;2553
405;Daniel;Elliott;delliottb8@vimeo.com;Male;92.242.160.78;14;59339
406;Harold;Robertson;hrobertsonb9@redcross.org;Male;85.222.199.113;26;2
407;Joshua;Jacobs;jjacobsba@ebay.com;Male;134.143.151.18;13;03882
408;Marilyn;Edwards;medwardsbb@barnesandnoble.com;Female;220.199.98.211;87;9
409;David;Berry;dberrybc@xrea.com;Male;119.99.180.212;40;592
410;Heather;Butler;hbutlerbd@usgs.gov;Female;14.76.166.249;45;34
411;Maria;Larson;mlarsonbe@wired.com;Female;104.237.197.60;62;19
412;Justin;Stephens;jstephensbf@time.com;Male;37.25.170.175;55;54117
413;Michael;Duncan;mduncanbg@bravesites.com;Male;51.136.164.51;53;11101
414;Diana;Rogers;drogersbh@ehow.com;Female;124.227.195.217;93;70327
415;Andrew;Walker;awalkerbi@spotify.com;Male;10.115.167.185;36;3928
416;Heather;Stewart;hstewartbj@wiley.com;Female;90.17.62.125;14;95
417;Alan;Lee;aleebk@cornell.edu;Male;140.179.13.244;25;2012
418;Margaret;Myers;mmyersbl@amazonaws.com;Female;125.153.171.234;32;403
419;Edward;Fuller;efullerbm@home.pl;Male;128.42.45.31;53;526
420;Jeffrey;Wilson;jwilsonbn@miitbeian.gov.cn;Male;12.78.150.167;33;00274
421;Alan;Watson;awatsonbo@weebly.com;Male;163.45.147.236;93;4
422;Mark;Gilbert;mgilbertbp@ucsd.edu;Male;212.142.81.137;7;6
423;Carlos;Arnold;carnoldbq@ezinearticles.com;Male;60.105.88.6;26;7
424;Ralph;Peters;rpetersbr@tinyurl.com;Male;23.144.16.83;90;7440
425;Steven;Howell;showellbs@cbsnews.com;Male;176.189.0.168;86;14979
426;Richard;Black;rblackbt@aboutads.info;Male;203.7.86.119;91;550
427;Louis;Gomez;lgomezbu@ucoz.com;Male;38.194.5.201;37;689
428;Henry;Barnes;hbarnesbv@sfgate.com;Male;120.73.195.134;88;7
429;Clarence;Perry;cperrybw@theguardian.com;Male;141.166.248.107;24;1008
430;Fred;Bell;fbellbx@hibu.com;Male;130.139.13.168;79;28582
431;Frances;Robinson;frobinsonby@dion.ne.jp;Female;147.203.181.227;43;9230
432;Diana;Green;dgreenbz@webeden.co.uk;Female;130.0.112.222;65;4
433;Robin;Day;rdayc0@redcross.org;Female;204.34.73.127;41;44374
434;Bonnie;Fuller;bfullerc1@usgs.gov;Female;45.75.192.131;69;5157
435;Louise;Chavez;lchavezc2@cornell.edu;Female;13.4.135.75;83;6935
436;Lois;Chapman;lchapmanc3@ed.gov;Female;125.72.102.112;18;9
437;Beverly;Perry;bperryc4@slashdot.org;Female;127.115.163.95;85;490
438;Steve;Dixon;sdixonc5@wikimedia.org;Male;89.245.222.186;9;2
439;Frances;Rogers;frogersc6@elpais.com;Female;244.24.53.166;81;000
440;Eric;Alvarez;ealvarezc7@wikimedia.org;Male;251.44.198.86;56;078
441;Wayne;Robinson;wrobinsonc8@imgur.com;Male;176.252.70.29;30;97212
442;Teresa;King;tkingc9@joomla.org;Female;46.79.10.178;30;15
443;Billy;Hughes;bhughesca@ehow.com;Male;230.138.122.74;76;8
444;Julie;Robertson;jrobertsoncb@walmart.com;Female;219.204.97.64;56;6023
445;Linda;Wallace;lwallacecc@elegantthemes.com;Female;190.117.184.196;5;1865
446;Peter;Williams;pwilliamscd@linkedin.com;Male;17.135.172.4;93;8387
447;Bruce;Peters;bpetersce@dmoz.org;Male;82.46.36.233;47;12926
448;Denise;Spencer;dspencercf@slate.com;Female;189.252.59.23;77;66522
449;Andrew;Hunt;ahuntcg@timesonline.co.uk;Male;223.64.22.42;63;12820
450;Michelle;Warren;mwarrench@huffingtonpost.com;Female;11.231.255.193;45;89
451;Ernest;Burton;eburtonci@rakuten.co.jp;Male;240.100.11.221;81;093
452;Brandon;Stephens;bstephenscj@samsung.com;Male;65.7.12.231;32;1051
453;Beverly;Fernandez;bfernandezck@ow.ly;Female;197.45.179.0;72;242
454;Bonnie;Jacobs;bjacobscl@bluehost.com;Female;11.122.141.25;95;3
455;Julie;Smith;jsmithcm@cmu.edu;Female;221.160.199.107;65;6
456;Andrea;Mills;amillscn@virginia.edu;Female;114.165.5.31;24;597
457;Benjamin;Myers;bmyersco@java.com;Male;139.111.245.174;17;4933
458;Thomas;Williamson;twilliamsoncp@networksolutions.com;Male;79.227.3.215;95;782
459;Matthew;Hart;mhartcq@slashdot.org;Male;200.133.102.175;14;554
460;Albert;Hamilton;ahamiltoncr@newyorker.com;Male;54.55.106.127;28;17031
461;Mildred;Harvey;mharveycs@intel.com;Female;150.211.90.230;79;45922
462;Amy;Gomez;agomezct@odnoklassniki.ru;Female;11.181.246.174;12;4154
463;Eugene;Williamson;ewilliamsoncu@jalbum.net;Male;103.133.151.64;59;71
464;Jose;Robinson;jrobinsoncv@nytimes.com;Male;148.244.107.237;62;562
465;Lois;Davis;ldaviscw@bbb.org;Female;23.170.47.110;60;7
466;Patricia;Cox;pcoxcx@hubpages.com;Female;100.155.90.40;36;6
467;Gloria;Ortiz;gortizcy@youtube.com;Female;203.155.79.49;55;46
468;Jane;Hayes;jhayescz@va.gov;Female;160.66.190.14;67;30
469;Bonnie;Clark;bclarkd0@npr.org;Female;34.237.109.29;68;7
470;Joan;Ryan;jryand1@moonfruit.com;Female;86.106.219.55;19;7745
471;Roger;Austin;raustind2@amazon.co.jp;Male;188.42.88.50;95;9
472;Christopher;Jacobs;cjacobsd3@nbcnews.com;Male;105.68.130.176;43;806
473;Michael;Russell;mrusselld4@craigslist.org;Male;123.88.78.94;21;21
474;Rose;Watson;rwatsond5@psu.edu;Female;220.50.205.101;55;902
475;Jesse;Willis;jwillisd6@google.ca;Male;224.81.226.118;84;61
476;Christopher;Gardner;cgardnerd7@dot.gov;Male;46.148.9.240;61;9206
477;Doris;Cox;dcoxd8@csmonitor.com;Female;93.68.149.108;22;81
478;Fred;Jackson;fjacksond9@fema.gov;Male;19.131.71.231;12;02816
479;Donna;Walker;dwalkerda@ebay.co.uk;Female;197.4.211.69;85;7
480;Betty;Patterson;bpattersondb@nsw.gov.au;Female;93.216.13.240;79;2872
481;Mildred;Ruiz;mruizdc@spotify.com;Female;163.187.160.47;54;01
482;Dennis;Harvey;dharveydd@barnesandnoble.com;Male;190.68.57.41;76;8673
483;Brandon;Alexander;balexanderde@cnet.com;Male;156.145.213.114;44;710
484;Billy;Sullivan;bsullivandf@myspace.com;Male;135.31.20.48;62;15
485;Emily;Arnold;earnolddg@yale.edu;Female;104.66.227.38;75;1624
486;Tina;Miller;tmillerdh@quantcast.com;Female;7.27.89.220;42;61995
487;Fred;Riley;frileydi@admin.ch;Male;247.225.174.215;33;2
488;Patricia;Fisher;pfisherdj@com.com;Female;201.84.178.180;2;017
489;Robin;Fields;rfieldsdk@yahoo.co.jp;Female;147.38.230.49;99;7
490;Ruth;Hawkins;rhawkinsdl@wix.com;Female;147.208.86.244;14;4
491;Antonio;Rogers;arogersdm@thetimes.co.uk;Male;124.224.206.18;32;15386
492;Keith;Porter;kporterdn@ow.ly;Male;157.87.82.8;28;51570
493;Terry;Mason;tmasondo@qq.com;Male;56.164.254.226;81;4
494;Jesse;Rose;jrosedp@sciencedirect.com;Male;108.43.175.82;74;4
495;Charles;Olson;colsondq@multiply.com;Male;89.26.142.73;9;6338
496;Sharon;Moreno;smorenodr@google.ca;Female;54.137.184.86;17;44948
497;Chris;Hawkins;chawkinsds@aol.com;Male;243.142.154.114;31;79744
498;Walter;Reynolds;wreynoldsdt@t-online.de;Male;92.17.241.182;46;89
499;Christine;Thomas;cthomasdu@webeden.co.uk;Female;130.206.63.132;40;711
500;Jennifer;Porter;jporterdv@amazon.co.uk;Female;230.43.17.136;42;47416
501;Linda;Young;lyoungdw@bing.com;Female;143.73.49.227;84;6796
502;Louise;Cruz;lcruzdx@sourceforge.net;Female;46.188.223.217;87;4
503;Laura;Simpson;lsimpsondy@biblegateway.com;Female;185.21.218.230;42;5040
504;Fred;Wagner;fwagnerdz@cdc.gov;Male;87.218.27.140;27;70845
505;Lawrence;Lopez;llopeze0@yahoo.co.jp;Male;102.116.231.16;61;966
506;Fred;Castillo;fcastilloe1@geocities.com;Male;236.51.9.157;97;10
507;Diane;Cunningham;dcunninghame2@time.com;Female;211.91.153.5;83;7516
508;Wanda;Daniels;wdanielse3@miitbeian.gov.cn;Female;170.99.5.200;30;9
509;Chris;Hansen;chansene4@pcworld.com;Male;203.137.186.182;43;91760
510;Douglas;Montgomery;dmontgomerye5@yahoo.com;Male;172.85.107.180;12;5033
511;Earl;Ford;eforde6@oracle.com;Male;119.140.160.149;21;5
512;Tammy;Larson;tlarsone7@sbwire.com;Female;75.242.185.121;33;3587
513;Joan;Hernandez;jhernandeze8@meetup.com;Female;91.223.152.164;74;28
514;Nancy;James;njamese9@mac.com;Female;128.226.255.40;60;6
515;Gary;Mendoza;gmendozaea@a8.net;Male;231.150.119.133;14;2737
516;Paula;Greene;pgreeneeb@businesswire.com;Female;154.213.188.61;16;94
517;Martha;Armstrong;marmstrongec@nyu.edu;Female;11.48.51.219;14;59404
518;Kimberly;Carroll;kcarrolled@gnu.org;Female;247.233.123.251;16;24667
519;Randy;Edwards;redwardsee@trellian.com;Male;20.143.38.200;54;04543
520;Samuel;Watkins;swatkinsef@kickstarter.com;Male;209.44.79.139;83;132
521;Shirley;Henderson;shendersoneg@apple.com;Female;19.120.2.127;3;4171
522;Raymond;Patterson;rpattersoneh@un.org;Male;182.52.202.209;54;5
523;Elizabeth;Richardson;erichardsonei@phpbb.com;Female;49.234.56.237;83;722
524;Terry;Jones;tjonesej@sina.com.cn;Male;106.65.166.138;41;39
525;Ernest;Gonzalez;egonzalezek@netvibes.com;Male;178.184.57.246;38;43
526;Diane;Arnold;darnoldel@examiner.com;Female;117.202.150.250;100;4530
527;Lillian;Franklin;lfranklinem@who.int;Female;240.58.133.106;65;42451
528;Rebecca;Welch;rwelchen@senate.gov;Female;229.243.186.213;42;39788
529;Clarence;Mcdonald;cmcdonaldeo@fastcompany.com;Male;205.71.70.82;73;84
530;Denise;Sanchez;dsanchezep@tamu.edu;Female;104.31.178.24;2;1787
531;Barbara;Castillo;bcastilloeq@naver.com;Female;132.92.58.182;9;7
532;Frank;Porter;fporterer@reference.com;Male;165.166.199.46;41;98929
533;Terry;Boyd;tboydes@mail.ru;Male;91.38.253.251;52;25222
534;Phillip;Boyd;pboydet@state.tx.us;Male;160.237.251.137;53;5525
535;Kathy;Larson;klarsoneu@bluehost.com;Female;88.28.242.105;29;8
536;Anne;Rogers;arogersev@cyberchimps.com;Female;142.251.138.1;45;8214
537;Louis;Baker;lbakerew@bloglovin.com;Male;184.82.104.206;92;91
538;Terry;Watkins;twatkinsex@nbcnews.com;Male;37.110.29.53;31;66073
539;Heather;Ramos;hramosey@bizjournals.com;Female;65.24.22.171;26;2155
540;Justin;Austin;jaustinez@clickbank.net;Male;176.20.173.19;17;4330
541;Debra;Evans;devansf0@guardian.co.uk;Female;8.164.205.81;66;976
542;Louis;Lawson;llawsonf1@china.com.cn;Male;224.193.52.173;59;29
543;Donna;Coleman;dcolemanf2@meetup.com;Female;238.16.211.255;89;92387
544;Gloria;Fowler;gfowlerf3@nature.com;Female;223.36.210.145;89;006
545;Roger;Martin;rmartinf4@umn.edu;Male;17.122.106.138;69;9365
546;Teresa;Kelley;tkelleyf5@mediafire.com;Female;72.109.152.229;96;35
547;Christine;Greene;cgreenef6@amazon.de;Female;216.106.148.36;57;112
548;Jeffrey;Crawford;jcrawfordf7@ovh.net;Male;244.66.79.227;76;0
549;Craig;Larson;clarsonf8@sakura.ne.jp;Male;2.239.197.118;29;46
550;Diana;Williamson;dwilliamsonf9@technorati.com;Female;207.116.155.111;18;135
551;Heather;Thomas;hthomasfa@godaddy.com;Female;243.193.210.242;91;88337
552;Stephen;Edwards;sedwardsfb@eventbrite.com;Male;201.143.130.88;30;89304
553;Kathryn;Sullivan;ksullivanfc@loc.gov;Female;221.43.28.58;12;06
554;Martin;Morrison;mmorrisonfd@bbc.co.uk;Male;168.119.178.121;7;2
555;Lori;Austin;laustinfe@pcworld.com;Female;46.192.242.164;80;4
556;Jack;Fuller;jfullerff@army.mil;Male;64.105.135.160;31;3997
557;Lori;Bell;lbellfg@homestead.com;Female;54.113.218.143;67;9509
558;Daniel;Howell;dhowellfh@addthis.com;Male;78.104.85.196;75;81191
559;Clarence;Watson;cwatsonfi@reuters.com;Male;77.254.147.13;5;66664
560;Elizabeth;Davis;edavisfj@themeforest.net;Female;33.72.122.209;5;3238
561;Lisa;Olson;lolsonfk@meetup.com;Female;130.24.167.200;99;426
562;Sandra;Wright;swrightfl@stumbleupon.com;Female;189.227.156.220;24;04899
563;Carl;Burton;cburtonfm@netscape.com;Male;86.60.69.42;60;80
564;Sarah;Robertson;srobertsonfn@si.edu;Female;242.228.148.43;97;10
565;Ralph;Little;rlittlefo@census.gov;Male;44.216.50.196;56;444
566;Russell;Scott;rscottfp@unicef.org;Male;104.27.76.231;61;514
567;Julie;Kim;jkimfq@wordpress.com;Female;1.158.163.242;100;1870
568;William;Campbell;wcampbellfr@cmu.edu;Male;190.136.41.95;96;72785
569;Raymond;Ramos;rramosfs@mashable.com;Male;106.9.239.215;89;3
570;Jane;Arnold;jarnoldft@wufoo.com;Female;160.209.52.167;21;8
571;Beverly;Romero;bromerofu@deviantart.com;Female;2.42.222.244;28;41
572;Daniel;Watson;dwatsonfv@uol.com.br;Male;154.89.5.90;96;20
573;Scott;Knight;sknightfw@e-recht24.de;Male;60.14.85.118;30;5
574;Wanda;Payne;wpaynefx@reddit.com;Female;42.110.200.255;18;6181
575;Diane;Bailey;dbaileyfy@flickr.com;Female;170.128.248.30;97;5
576;Gloria;Johnston;gjohnstonfz@hatena.ne.jp;Female;16.94.84.249;23;06
577;Mary;Stewart;mstewartg0@webmd.com;Female;58.47.44.14;39;923
578;Julie;Shaw;jshawg1@goodreads.com;Female;185.103.253.143;3;0388
579;Gloria;Jackson;gjacksong2@infoseek.co.jp;Female;84.25.40.12;7;7
580;Julie;Anderson;jandersong3@exblog.jp;Female;206.14.106.36;44;762
581;Keith;Ward;kwardg4@flavors.me;Male;188.63.167.133;81;0
582;Lillian;Porter;lporterg5@e-recht24.de;Female;151.86.8.183;33;21
583;Larry;Bradley;lbradleyg6@nature.com;Male;14.178.135.77;63;39808
584;Bobby;Meyer;bmeyerg7@altervista.org;Male;146.28.201.235;51;8
585;Roger;Russell;rrussellg8@reverbnation.com;Male;156.91.242.221;20;8042
586;Chris;Walker;cwalkerg9@va.gov;Male;6.197.46.111;71;353
587;Tammy;Ray;trayga@4shared.com;Female;36.93.225.65;64;5592
588;Juan;Williams;jwilliamsgb@nydailynews.com;Male;54.149.6.210;83;84045
589;Mildred;Collins;mcollinsgc@census.gov;Female;173.202.15.191;95;185
590;Dorothy;Kim;dkimgd@typepad.com;Female;7.97.221.86;11;08
591;Brenda;Burton;bburtonge@wikipedia.org;Female;140.123.218.203;75;0
592;Theresa;Young;tyounggf@hhs.gov;Female;230.171.247.217;25;70119
593;Tammy;Knight;tknightgg@rediff.com;Female;78.228.117.218;96;31383
594;Virginia;Ferguson;vfergusongh@upenn.edu;Female;170.77.175.128;12;7
595;Raymond;Mason;rmasongi@amazon.co.uk;Male;246.204.110.59;73;1599
596;Shirley;Rodriguez;srodriguezgj@microsoft.com;Female;96.55.143.76;61;96
597;Paul;Mitchell;pmitchellgk@mozilla.com;Male;29.249.182.60;76;26999
598;George;Owens;gowensgl@mlb.com;Male;183.13.54.38;26;979
599;Gloria;Morrison;gmorrisongm@technorati.com;Female;110.129.33.39;40;9
600;Laura;Thomas;lthomasgn@macromedia.com;Female;195.155.195.57;15;6006
601;Paula;Nelson;pnelsongo@scientificamerican.com;Female;8.44.5.141;73;52390
602;Daniel;West;dwestgp@godaddy.com;Male;35.118.132.198;16;3
603;Ann;Wagner;awagnergq@ning.com;Female;75.254.167.192;25;40904
604;Joe;Robinson;jrobinsongr@bbb.org;Male;22.8.6.50;85;86
605;Cynthia;Lawson;clawsongs@sakura.ne.jp;Female;124.236.44.147;24;1
606;Betty;Roberts;brobertsgt@storify.com;Female;225.68.205.184;50;15364
607;Larry;Richardson;lrichardsongu@youku.com;Male;137.225.90.164;51;0786
608;Jeffrey;Rivera;jriveragv@nationalgeographic.com;Male;162.43.246.220;66;31025
609;William;Reed;wreedgw@theatlantic.com;Male;81.118.169.143;14;051
610;Frank;Harris;fharrisgx@youku.com;Male;35.223.139.144;67;40105
611;Stephen;Snyder;ssnydergy@yahoo.co.jp;Male;34.186.167.102;95;5
612;Harry;Ross;hrossgz@boston.com;Male;120.137.81.141;10;27
613;Brian;Burns;bburnsh0@myspace.com;Male;148.128.236.245;73;32061
614;Julia;Hayes;jhayesh1@is.gd;Female;44.99.72.2;89;899
615;Louise;Franklin;lfranklinh2@oracle.com;Female;152.182.247.195;64;62648
616;James;Harris;jharrish3@google.co.jp;Male;194.15.153.206;88;7048
617;Ashley;Wright;awrighth4@discovery.com;Female;246.130.145.91;87;05565
618;Donna;Wallace;dwallaceh5@hao123.com;Female;1.217.131.6;29;292
619;Shirley;Hansen;shansenh6@vkontakte.ru;Female;252.107.176.221;15;2660
620;Louise;Collins;lcollinsh7@rediff.com;Female;14.6.35.200;54;93
621;Arthur;King;akingh8@blinklist.com;Male;189.71.150.240;4;5
622;Billy;Bennett;bbennetth9@wisc.edu;Male;216.106.17.237;53;75
623;Edward;Washington;ewashingtonha@constantcontact.com;Male;230.98.175.156;54;3011
624;James;Dunn;jdunnhb@washington.edu;Male;162.174.166.237;49;9147
625;Norma;Stevens;nstevenshc@instagram.com;Female;0.53.84.202;45;523
626;Michael;Shaw;mshawhd@china.com.cn;Male;4.60.43.19;27;16729
627;Adam;Reynolds;areynoldshe@lulu.com;Male;51.59.41.14;15;5
628;Adam;Edwards;aedwardshf@buzzfeed.com;Male;11.164.121.19;5;07099
629;Richard;Gordon;rgordonhg@behance.net;Male;9.221.204.103;83;11
630;Debra;Ramos;dramoshh@scientificamerican.com;Female;166.114.120.38;79;246
631;Randy;Larson;rlarsonhi@wix.com;Male;173.251.51.160;49;45
632;Barbara;Crawford;bcrawfordhj@amazon.de;Female;88.61.165.27;92;0
633;Harry;Campbell;hcampbellhk@guardian.co.uk;Male;206.83.122.52;3;2
634;Louis;Sullivan;lsullivanhl@wikispaces.com;Male;37.124.120.185;27;0
635;James;Lee;jleehm@google.it;Male;39.77.153.105;44;89
636;Teresa;Harvey;tharveyhn@example.com;Female;235.81.178.176;47;4221
637;Gary;Coleman;gcolemanho@patch.com;Male;235.81.140.226;5;21908
638;Jerry;Washington;jwashingtonhp@wsj.com;Male;146.9.69.52;63;782
639;Jonathan;Burke;jburkehq@desdev.cn;Male;108.251.99.58;85;0
640;Robin;Peters;rpetershr@ucoz.ru;Female;42.35.213.241;15;1
641;Michelle;Boyd;mboydhs@google.de;Female;136.195.110.224;97;25
642;Louis;Frazier;lfrazierht@google.es;Male;24.147.186.32;10;33500
643;Harold;Allen;hallenhu@nih.gov;Male;239.6.150.165;24;0
644;Norma;Payne;npaynehv@instagram.com;Female;72.215.235.159;25;07
645;Jerry;George;jgeorgehw@squidoo.com;Male;191.66.6.68;96;450
646;Albert;Mitchell;amitchellhx@huffingtonpost.com;Male;27.206.164.127;74;0992
647;Gerald;Miller;gmillerhy@yelp.com;Male;242.171.108.177;36;36020
648;Amanda;Burns;aburnshz@disqus.com;Female;83.237.199.152;53;2309
649;Lori;Taylor;ltaylori0@godaddy.com;Female;237.91.122.135;55;6852
650;Deborah;Dixon;ddixoni1@opensource.org;Female;181.166.148.165;26;27
651;John;Brooks;jbrooksi2@mediafire.com;Male;68.84.76.31;99;4
652;Beverly;Ross;brossi3@nyu.edu;Female;220.4.23.39;5;9
653;Wanda;Tucker;wtuckeri4@usgs.gov;Female;47.201.114.32;84;96767
654;Harold;Garrett;hgarretti5@plala.or.jp;Male;15.193.177.114;91;94
655;Gloria;Hicks;ghicksi6@123-reg.co.uk;Female;225.38.21.46;5;321
656;Joyce;Ramirez;jramirezi7@ft.com;Female;239.98.79.153;7;67334
657;Donna;Snyder;dsnyderi8@dedecms.com;Female;192.132.119.103;72;64962
658;Doris;Ramos;dramosi9@123-reg.co.uk;Female;224.57.183.93;65;28
659;Kenneth;Walker;kwalkeria@nymag.com;Male;68.95.220.160;53;25
660;Frank;Richards;frichardsib@bandcamp.com;Male;191.150.84.24;50;6
661;Kathy;Martin;kmartinic@opensource.org;Female;145.1.228.11;88;9883
662;Jason;Greene;jgreeneid@skyrock.com;Male;227.33.83.88;55;66489
663;Debra;Allen;dallenie@bbb.org;Female;60.186.210.222;31;7011
664;Willie;Hayes;whayesif@patch.com;Male;214.118.247.204;59;4
665;Andrew;Austin;aaustinig@drupal.org;Male;76.249.155.171;35;6
666;Roger;Wagner;rwagnerih@wufoo.com;Male;180.233.163.214;30;7212
667;David;Berry;dberryii@dailymotion.com;Male;190.81.238.209;19;02111
668;Jennifer;Phillips;jphillipsij@alexa.com;Female;103.139.137.2;65;3
669;Tammy;Banks;tbanksik@fastcompany.com;Female;109.133.135.11;93;69855
670;Howard;Hughes;hhughesil@infoseek.co.jp;Male;211.9.23.43;82;3011
671;Wayne;Gibson;wgibsonim@economist.com;Male;2.107.49.151;75;8488
672;Amy;Collins;acollinsin@github.com;Female;108.159.186.92;39;93262
673;Ruby;Ross;rrossio@fotki.com;Female;71.66.125.31;37;9
674;Laura;Long;llongip@sphinn.com;Female;134.37.160.165;32;294
675;Theresa;Morrison;tmorrisoniq@scientificamerican.com;Female;137.44.233.98;67;21
676;Denise;Nelson;dnelsonir@arizona.edu;Female;26.69.129.40;16;74
677;Bobby;King;bkingis@barnesandnoble.com;Male;237.109.111.241;27;99
678;Ann;Lane;alaneit@blinklist.com;Female;239.218.115.181;48;1722
679;Carolyn;Dixon;cdixoniu@foxnews.com;Female;21.151.7.255;49;6492
680;Phyllis;Ryan;pryaniv@webs.com;Female;228.164.186.50;40;5819
681;Judy;Nichols;jnicholsiw@technorati.com;Female;218.156.244.39;17;69126
682;Raymond;Powell;rpowellix@google.com.hk;Male;137.184.236.28;83;118
683;Alan;Gilbert;agilbertiy@dropbox.com;Male;28.210.245.126;95;8
684;James;Larson;jlarsoniz@imgur.com;Male;86.135.108.6;50;43
685;Norma;Bradley;nbradleyj0@cnn.com;Female;212.145.149.49;36;43878
686;Antonio;Jenkins;ajenkinsj1@fema.gov;Male;24.66.27.170;82;73638
687;Heather;Thomas;hthomasj2@wikispaces.com;Female;1.104.94.11;1;4
688;Mildred;Flores;mfloresj3@ebay.co.uk;Female;69.113.135.14;31;49
689;Alice;Stewart;astewartj4@mapy.cz;Female;26.55.155.190;82;38
690;Sandra;Larson;slarsonj5@meetup.com;Female;147.75.168.225;8;13838
691;Randy;Dunn;rdunnj6@youtu.be;Male;61.148.254.84;79;4
692;Willie;Nelson;wnelsonj7@ca.gov;Male;50.131.96.131;76;9
693;Janet;Edwards;jedwardsj8@pagesperso-orange.fr;Female;225.179.149.119;14;36344
694;Joshua;Wilson;jwilsonj9@npr.org;Male;176.100.78.7;28;8
695;Rebecca;Larson;rlarsonja@chron.com;Female;157.19.22.204;1;78002
696;Kathryn;Dixon;kdixonjb@usda.gov;Female;224.195.194.203;35;07391
697;Roger;Bishop;rbishopjc@newsvine.com;Male;83.3.144.44;44;57
698;Jessica;Stevens;jstevensjd@hostgator.com;Female;202.179.124.21;26;312
699;Lisa;Jenkins;ljenkinsje@redcross.org;Female;8.161.244.119;6;266
700;Wayne;Fisher;wfisherjf@imdb.com;Male;176.227.69.233;7;469
701;Thomas;Ray;trayjg@hubpages.com;Male;9.158.45.180;26;933
702;Raymond;Warren;rwarrenjh@google.de;Male;203.112.210.9;90;774
703;Janet;Rose;jroseji@umich.edu;Female;0.100.194.103;68;711
704;Doris;Weaver;dweaverjj@1688.com;Female;81.9.168.50;3;1
705;Richard;Mendoza;rmendozajk@cnet.com;Male;18.253.154.118;11;73446
706;Louise;Campbell;lcampbelljl@theatlantic.com;Female;177.228.198.192;62;73
707;Judith;Boyd;jboydjm@elpais.com;Female;151.229.220.141;28;274
708;Thomas;Ray;trayjn@scribd.com;Male;133.40.3.51;87;8
709;Jesse;Williams;jwilliamsjo@theglobeandmail.com;Male;116.14.64.168;69;22
710;Nancy;Bryant;nbryantjp@fc2.com;Female;39.53.109.41;67;90552
711;Robert;Greene;rgreenejq@dion.ne.jp;Male;197.27.234.64;59;47811
712;Paula;Medina;pmedinajr@4shared.com;Female;6.144.199.117;78;32
713;Helen;Grant;hgrantjs@twitpic.com;Female;89.222.168.56;61;82
714;Tammy;Sanchez;tsanchezjt@webeden.co.uk;Female;55.43.18.138;13;0071
715;Christopher;Graham;cgrahamju@bloglovin.com;Male;181.31.23.97;77;376
716;Richard;Thomas;rthomasjv@diigo.com;Male;228.88.239.60;77;1352
717;Catherine;Duncan;cduncanjw@washington.edu;Female;173.229.247.249;96;1358
718;Lillian;Stephens;lstephensjx@mashable.com;Female;115.220.5.228;13;7
719;Robin;Alexander;ralexanderjy@bravesites.com;Female;151.37.147.237;74;43
720;Pamela;Morales;pmoralesjz@w3.org;Female;230.78.101.62;100;11914
721;Louise;Ramirez;lramirezk0@dot.gov;Female;189.252.195.206;39;1
722;Barbara;Burton;bburtonk1@yolasite.com;Female;15.244.113.228;35;69
723;Janice;Ellis;jellisk2@cam.ac.uk;Female;126.234.16.254;4;50047
724;Willie;Foster;wfosterk3@freewebs.com;Male;230.194.90.243;33;831
725;Debra;Mccoy;dmccoyk4@ted.com;Female;182.221.169.32;66;66069
726;Edward;Marshall;emarshallk5@rediff.com;Male;165.0.159.129;72;3170
727;Louis;Martinez;lmartinezk6@desdev.cn;Male;81.195.114.54;71;84
728;Marilyn;Brown;mbrownk7@oakley.com;Female;167.243.19.43;39;46
729;Jimmy;Ruiz;jruizk8@mediafire.com;Male;85.4.183.129;85;751
730;Donald;Willis;dwillisk9@loc.gov;Male;6.188.250.180;96;52005
731;Brian;Campbell;bcampbellka@barnesandnoble.com;Male;233.70.50.255;87;5551
732;Sarah;Rose;srosekb@ow.ly;Female;65.209.189.243;58;986
733;Angela;Franklin;afranklinkc@bizjournals.com;Female;206.234.87.103;12;582
734;Carol;Johnston;cjohnstonkd@cbslocal.com;Female;27.167.102.234;25;4145
735;Janet;George;jgeorgeke@rediff.com;Female;195.34.199.101;78;7
736;Sandra;Meyer;smeyerkf@g.co;Female;223.116.226.155;64;353
737;Harry;Larson;hlarsonkg@wp.com;Male;120.146.98.242;59;724
738;Carl;Moore;cmoorekh@techcrunch.com;Male;178.26.126.7;1;52328
739;Dennis;Jackson;djacksonki@facebook.com;Male;49.41.1.52;91;1985
740;Jose;Stone;jstonekj@boston.com;Male;237.100.117.151;37;71
741;Teresa;Carpenter;tcarpenterkk@webmd.com;Female;99.191.230.249;69;55395
742;Steven;Davis;sdaviskl@google.es;Male;132.207.63.63;52;82212
743;Tammy;Riley;trileykm@rediff.com;Female;136.217.179.157;97;6
744;Janice;Price;jpricekn@sourceforge.net;Female;250.1.23.9;86;3163
745;Susan;Brooks;sbrooksko@macromedia.com;Female;130.87.212.47;90;952
746;Martin;Phillips;mphillipskp@yandex.ru;Male;228.215.0.105;21;04163
747;Philip;Hunter;phunterkq@wikia.com;Male;241.228.163.35;50;6912
748;Russell;Nichols;rnicholskr@imdb.com;Male;159.35.189.21;54;73
749;Marie;Cox;mcoxks@diigo.com;Female;186.47.204.132;69;5
750;Barbara;Pierce;bpiercekt@spotify.com;Female;82.170.152.248;67;59745
751;Kimberly;Elliott;kelliottku@toplist.cz;Female;26.121.22.251;19;7346
752;Denise;Hart;dhartkv@live.com;Female;240.77.130.32;42;90884
753;Janet;Dean;jdeankw@mediafire.com;Female;212.83.40.163;70;10
754;Gerald;Ellis;gelliskx@google.ru;Male;185.73.132.240;57;90
755;Nancy;Mills;nmillsky@blogger.com;Female;120.10.65.132;44;9
756;Angela;Rodriguez;arodriguezkz@chron.com;Female;108.117.23.95;77;780
757;Amanda;Young;ayoungl0@aol.com;Female;184.218.123.73;15;91909
758;Andrea;Crawford;acrawfordl1@photobucket.com;Female;6.72.206.157;15;2
759;Andrew;Fields;afieldsl2@creativecommons.org;Male;115.129.14.116;78;1
760;Brenda;Harvey;bharveyl3@pen.io;Female;234.18.184.128;81;5
761;Victor;Gutierrez;vgutierrezl4@devhub.com;Male;231.58.215.108;75;75
762;Wayne;Burns;wburnsl5@goo.gl;Male;125.127.57.175;54;66766
763;Kimberly;Gomez;kgomezl6@eepurl.com;Female;82.86.144.103;87;51
764;Sara;Ford;sfordl7@unc.edu;Female;190.211.211.185;74;446
765;Daniel;Young;dyoungl8@jugem.jp;Male;85.124.123.242;13;6227
766;Jerry;Frazier;jfrazierl9@comsenz.com;Male;129.168.12.237;2;204
767;Jessica;Edwards;jedwardsla@xrea.com;Female;33.45.209.176;71;53
768;Cynthia;Ramos;cramoslb@stumbleupon.com;Female;169.39.175.43;21;9925
769;Melissa;Hill;mhilllc@dyndns.org;Female;51.88.224.58;87;280
770;Jennifer;Snyder;jsnyderld@51.la;Female;66.56.58.116;70;3
771;Randy;Crawford;rcrawfordle@blinklist.com;Male;178.2.157.80;66;0
772;Raymond;Andrews;randrewslf@youtube.com;Male;156.213.31.104;79;8589
773;Jean;Moreno;jmorenolg@blog.com;Female;229.154.227.111;48;47814
774;Judith;Lopez;jlopezlh@quantcast.com;Female;73.170.177.122;24;4
775;Beverly;Henderson;bhendersonli@newyorker.com;Female;28.72.243.110;9;19
776;Judith;Spencer;jspencerlj@wix.com;Female;80.171.167.191;91;4
777;Rebecca;Gray;rgraylk@vistaprint.com;Female;172.91.132.56;30;7
778;Lawrence;Woods;lwoodsll@dedecms.com;Male;109.145.204.250;99;19009
779;Jimmy;Banks;jbankslm@edublogs.org;Male;83.173.149.250;78;32
780;Diane;Hunt;dhuntln@blinklist.com;Female;18.251.216.8;83;7
781;Robert;Cox;rcoxlo@ameblo.jp;Male;172.169.121.6;82;028
782;Ashley;Davis;adavislp@feedburner.com;Female;97.131.107.123;60;5
783;Brandon;Long;blonglq@imageshack.us;Male;217.42.87.184;11;759
784;Billy;Moore;bmoorelr@fda.gov;Male;169.215.100.42;62;4355
785;Melissa;Burke;mburkels@imdb.com;Female;66.124.220.53;52;11
786;Cynthia;Jacobs;cjacobslt@independent.co.uk;Female;67.108.197.162;67;0561
787;Debra;Hamilton;dhamiltonlu@google.fr;Female;242.69.162.152;51;51
788;Ruby;Freeman;rfreemanlv@netscape.com;Female;30.164.107.67;81;99
789;Donald;Olson;dolsonlw@friendfeed.com;Male;234.183.133.246;90;70
790;Bruce;Taylor;btaylorlx@hugedomains.com;Male;153.227.144.103;25;799
791;Heather;Fernandez;hfernandezly@github.com;Female;208.160.55.120;46;9
792;Brandon;Andrews;bandrewslz@youtu.be;Male;225.5.235.116;54;2
793;Diane;Perry;dperrym0@shinystat.com;Female;219.22.5.72;67;371
794;Robin;Palmer;rpalmerm1@bbc.co.uk;Female;19.182.197.157;59;6870
795;Ruby;Jacobs;rjacobsm2@vimeo.com;Female;65.246.169.218;98;2
796;Eugene;Gibson;egibsonm3@latimes.com;Male;47.236.59.107;29;44998
797;Jennifer;Young;jyoungm4@sun.com;Female;58.146.220.182;12;42978
798;Juan;Hawkins;jhawkinsm5@vk.com;Male;144.16.81.34;63;24
799;Louis;Cooper;lcooperm6@google.co.jp;Male;240.71.125.55;90;5
800;Jessica;Flores;jfloresm7@marketwatch.com;Female;157.122.51.27;31;36066
801;Juan;Hanson;jhansonm8@un.org;Male;254.43.7.67;88;37881
802;Julie;Banks;jbanksm9@instagram.com;Female;77.92.187.153;90;489
803;Melissa;Chapman;mchapmanma@privacy.gov.au;Female;225.172.82.53;88;7005
804;Christine;Hansen;chansenmb@themeforest.net;Female;3.101.232.131;45;2303
805;Patricia;Reed;preedmc@sohu.com;Female;220.38.225.206;53;2
806;Willie;Spencer;wspencermd@bloglovin.com;Male;70.145.184.192;57;2
807;Carlos;Carpenter;ccarpenterme@com.com;Male;171.231.30.226;64;9122
808;Sara;Welch;swelchmf@mlb.com;Female;44.190.68.79;84;8573
809;Ryan;Brooks;rbrooksmg@dot.gov;Male;247.14.64.67;52;4110
810;Adam;Hicks;ahicksmh@chronoengine.com;Male;95.228.244.136;37;4440
811;Alice;Smith;asmithmi@paypal.com;Female;118.170.33.18;68;288
812;Benjamin;Mitchell;bmitchellmj@redcross.org;Male;209.110.246.105;59;6257
813;Jean;Reynolds;jreynoldsmk@salon.com;Female;254.42.229.76;34;9717
814;Linda;Gilbert;lgilbertml@si.edu;Female;5.103.227.204;68;14322
815;Robin;Howard;rhowardmm@seattletimes.com;Female;180.217.246.150;98;5
816;Michelle;Phillips;mphillipsmn@census.gov;Female;230.9.183.246;81;717
817;Stephen;Duncan;sduncanmo@statcounter.com;Male;152.26.189.76;4;1
818;Deborah;Chavez;dchavezmp@skyrock.com;Female;0.137.88.229;72;313
819;Joe;Fields;jfieldsmq@ed.gov;Male;162.194.221.31;89;90631
820;Doris;Roberts;drobertsmr@earthlink.net;Female;108.191.239.42;53;27
821;Bruce;Jenkins;bjenkinsms@alibaba.com;Male;74.142.130.237;95;39050
822;Sandra;Lawson;slawsonmt@admin.ch;Female;147.219.120.89;43;0
823;Scott;Bailey;sbaileymu@dailymail.co.uk;Male;12.249.148.40;59;1
824;Heather;Gardner;hgardnermv@dion.ne.jp;Female;111.117.1.29;75;71
825;Carlos;Willis;cwillismw@house.gov;Male;193.18.156.112;20;62950
826;Joyce;Burton;jburtonmx@dion.ne.jp;Female;200.157.250.168;53;71909
827;Carolyn;Freeman;cfreemanmy@netlog.com;Female;1.154.108.45;86;0162
828;Elizabeth;Spencer;espencermz@go.com;Female;250.175.61.126;45;4
829;Larry;Owens;lowensn0@vinaora.com;Male;85.7.226.176;35;95737
830;Jeffrey;Jordan;jjordann1@japanpost.jp;Male;254.188.113.102;50;004
831;Sharon;Turner;sturnern2@japanpost.jp;Female;79.206.113.33;85;1846
832;Patrick;Payne;ppaynen3@nyu.edu;Male;105.105.142.48;4;0785
833;Andrea;Wallace;awallacen4@bloglovin.com;Female;7.176.178.10;14;4854
834;Judith;Wallace;jwallacen5@psu.edu;Female;88.226.138.211;95;8487
835;Arthur;Nichols;anicholsn6@twitpic.com;Male;137.4.54.97;74;5
836;Randy;Rice;rricen7@smugmug.com;Male;53.57.191.59;29;7737
837;Jeffrey;Fisher;jfishern8@state.tx.us;Male;45.181.72.221;87;36114
838;Edward;Mendoza;emendozan9@time.com;Male;236.254.230.128;55;75745
839;Theresa;Martin;tmartinna@lycos.com;Female;207.36.11.230;19;6
840;Jeremy;Reynolds;jreynoldsnb@over-blog.com;Male;208.161.7.91;44;498
841;Jeremy;Green;jgreennc@shareasale.com;Male;227.25.46.229;58;0
842;Diana;Wagner;dwagnernd@uol.com.br;Female;234.26.217.183;21;94922
843;Martha;Reynolds;mreynoldsne@seattletimes.com;Female;229.253.161.28;60;23456
844;Patrick;Wright;pwrightnf@ucoz.ru;Male;35.16.248.160;21;961
845;Jerry;Turner;jturnerng@mapquest.com;Male;23.175.67.96;83;42433
846;Mildred;Sanders;msandersnh@shop-pro.jp;Female;47.83.213.179;88;39966
847;Lois;Watkins;lwatkinsni@economist.com;Female;123.221.146.183;12;6622
848;Rose;Sanders;rsandersnj@imdb.com;Female;211.138.111.48;8;88
849;Ralph;Russell;rrussellnk@edublogs.org;Male;64.35.253.109;99;3314
850;Kathleen;King;kkingnl@ycombinator.com;Female;209.202.135.209;29;176
851;Douglas;Davis;ddavisnm@toplist.cz;Male;96.233.43.200;28;9
852;Judith;Hicks;jhicksnn@cnbc.com;Female;130.160.148.134;21;9
853;Scott;Dixon;sdixonno@squarespace.com;Male;54.40.136.128;81;97057
854;Kimberly;Hunter;khunternp@symantec.com;Female;36.113.1.50;57;07157
855;Gerald;George;ggeorgenq@latimes.com;Male;48.52.223.32;9;41366
856;Willie;Reynolds;wreynoldsnr@posterous.com;Male;190.30.65.113;41;69
857;Edward;Johnston;ejohnstonns@columbia.edu;Male;13.124.114.97;32;798
858;Barbara;Fernandez;bfernandeznt@independent.co.uk;Female;73.180.22.209;96;59
859;Maria;Daniels;mdanielsnu@irs.gov;Female;105.118.121.245;77;605
860;Jean;Kelley;jkelleynv@moonfruit.com;Female;226.154.151.244;83;5290
861;Kimberly;Robertson;krobertsonnw@about.me;Female;255.77.169.219;27;3769
862;Pamela;Moore;pmoorenx@wp.com;Female;38.248.157.140;16;2
863;Martin;Cook;mcookny@sogou.com;Male;142.204.249.178;46;9640
864;Ronald;Gordon;rgordonnz@surveymonkey.com;Male;26.126.22.184;82;38628
865;Susan;Austin;saustino0@imageshack.us;Female;67.176.231.144;31;2
866;Robert;Chavez;rchavezo1@opensource.org;Male;144.150.191.35;21;08
867;Sara;Burton;sburtono2@oracle.com;Female;222.101.186.161;6;0
868;Stephen;Lewis;slewiso3@army.mil;Male;40.252.135.203;93;500
869;Kathleen;Kennedy;kkennedyo4@sfgate.com;Female;190.28.235.227;10;0
870;Julie;Stone;jstoneo5@va.gov;Female;3.83.147.192;69;1
871;Juan;Rodriguez;jrodriguezo6@surveymonkey.com;Male;240.152.63.225;39;49
872;Gerald;Wells;gwellso7@amazon.com;Male;210.204.19.103;58;731
873;Roy;Allen;ralleno8@addtoany.com;Male;210.116.114.90;11;27139
874;Kimberly;Wallace;kwallaceo9@ucsd.edu;Female;5.228.163.223;33;3053
875;Walter;Davis;wdavisoa@squidoo.com;Male;107.67.100.142;55;1
876;Melissa;Gomez;mgomezob@biglobe.ne.jp;Female;190.236.207.101;24;09020
877;Todd;Reyes;treyesoc@ucsd.edu;Male;60.87.102.193;38;11
878;Jesse;Hunt;jhuntod@theguardian.com;Male;63.67.82.22;13;61504
879;Evelyn;Brooks;ebrooksoe@alexa.com;Female;35.188.245.167;50;19
880;Linda;Williams;lwilliamsof@163.com;Female;250.223.119.4;28;49987
881;Walter;Day;wdayog@hp.com;Male;83.190.229.246;31;4
882;Cynthia;Fields;cfieldsoh@ft.com;Female;9.255.165.110;71;3433
883;Alice;Walker;awalkeroi@uol.com.br;Female;12.254.252.239;99;2
884;Denise;Bishop;dbishopoj@feedburner.com;Female;90.18.167.160;44;4858
885;John;Chavez;jchavezok@time.com;Male;149.63.165.205;76;4
886;Ann;Thomas;athomasol@timesonline.co.uk;Female;187.128.144.106;95;8
887;Diana;Howell;dhowellom@vk.com;Female;233.15.130.238;3;0
888;Donna;Fernandez;dfernandezon@com.com;Female;85.16.92.156;81;771
889;Deborah;Riley;drileyoo@rakuten.co.jp;Female;188.195.249.104;49;2335
890;Samuel;Lane;slaneop@cafepress.com;Male;29.3.26.20;87;4090
891;Aaron;Greene;agreeneoq@mashable.com;Male;142.229.144.135;76;317
892;Kathy;Owens;kowensor@163.com;Female;148.166.187.93;90;7
893;Judith;Taylor;jtayloros@biglobe.ne.jp;Female;192.43.67.194;80;0
894;Judith;Rose;jroseot@ning.com;Female;66.124.177.214;36;8
895;Doris;Sims;dsimsou@google.ru;Female;146.31.95.124;78;7896
896;Raymond;Spencer;rspencerov@cargocollective.com;Male;46.114.55.85;34;9
897;Kevin;Greene;kgreeneow@constantcontact.com;Male;108.139.189.146;92;9827
898;Brandon;Bishop;bbishopox@fema.gov;Male;108.232.26.49;92;277
899;Kathleen;Ellis;kellisoy@instagram.com;Female;174.193.151.171;25;2
900;Diane;Cook;dcookoz@google.nl;Female;11.159.53.34;78;9
901;Dorothy;Porter;dporterp0@tiny.cc;Female;103.18.11.202;69;948
902;Clarence;Snyder;csnyderp1@discuz.net;Male;3.179.213.131;66;75
903;Anne;Bowman;abowmanp2@ftc.gov;Female;120.253.47.226;88;2899
904;Linda;Howell;lhowellp3@mlb.com;Female;73.250.44.168;51;057
905;Sara;Powell;spowellp4@wikimedia.org;Female;200.174.119.132;44;90
906;Joan;Kelly;jkellyp5@mapy.cz;Female;216.127.145.53;8;65516
907;Sandra;Montgomery;smontgomeryp6@icq.com;Female;183.49.116.35;7;9
908;Robert;Patterson;rpattersonp7@histats.com;Male;207.127.246.150;53;66
909;Victor;Burns;vburnsp8@chron.com;Male;165.222.197.21;62;4053
910;Craig;Hansen;chansenp9@instagram.com;Male;21.186.192.157;57;70
911;Stephanie;Stewart;sstewartpa@cornell.edu;Female;170.112.170.171;97;55422
912;Elizabeth;West;ewestpb@zimbio.com;Female;8.216.115.95;77;2
913;Lisa;Kelley;lkelleypc@si.edu;Female;27.200.204.10;4;0568
914;Rebecca;Richards;rrichardspd@nhs.uk;Female;36.222.239.132;87;3939
915;William;Adams;wadamspe@weather.com;Male;254.5.24.52;74;07432
916;Joyce;Robertson;jrobertsonpf@slashdot.org;Female;245.46.165.120;37;2
917;Carlos;Nelson;cnelsonpg@123-reg.co.uk;Male;147.136.198.138;86;44513
918;Bruce;Wilson;bwilsonph@sina.com.cn;Male;139.102.231.222;5;15
919;Lawrence;Matthews;lmatthewspi@a8.net;Male;233.119.181.205;34;320
920;Sarah;Harvey;sharveypj@wiley.com;Female;66.138.140.102;1;61
921;Ryan;Daniels;rdanielspk@addthis.com;Male;233.218.34.45;1;6040
922;Arthur;Pierce;apiercepl@gnu.org;Male;88.4.118.129;18;2662
923;Evelyn;Hudson;ehudsonpm@forbes.com;Female;246.9.103.116;18;30574
924;Richard;Clark;rclarkpn@jimdo.com;Male;67.243.114.252;48;27
925;George;Bowman;gbowmanpo@businessweek.com;Male;121.233.166.144;46;88292
926;Anthony;Green;agreenpp@nature.com;Male;166.193.190.148;22;6
927;Anthony;Price;apricepq@hud.gov;Male;209.87.153.198;60;527
928;Carolyn;Olson;colsonpr@newsvine.com;Female;250.85.134.185;19;842
929;Helen;Shaw;hshawps@purevolume.com;Female;189.117.202.144;37;9
930;Juan;Peterson;jpetersonpt@ed.gov;Male;191.232.164.18;96;9
931;Louis;Wheeler;lwheelerpu@xinhuanet.com;Male;77.220.97.234;6;9654
932;Rebecca;Fernandez;rfernandezpv@wikimedia.org;Female;123.146.57.198;76;4597
933;Kenneth;Mitchell;kmitchellpw@omniture.com;Male;149.94.62.58;60;63885
934;Stephen;Ray;sraypx@tuttocitta.it;Male;253.197.72.229;58;071
935;Carol;Ward;cwardpy@ifeng.com;Female;144.244.6.88;73;43
936;Clarence;Lewis;clewispz@answers.com;Male;194.202.6.48;85;67
937;Barbara;Bishop;bbishopq0@dot.gov;Female;175.248.10.37;76;5
938;Lois;Rodriguez;lrodriguezq1@nbcnews.com;Female;93.192.86.131;64;1611
939;Gregory;Fowler;gfowlerq2@go.com;Male;205.56.42.146;61;8
940;Christine;Wright;cwrightq3@hud.gov;Female;105.187.11.10;21;51
941;Wayne;Watkins;wwatkinsq4@meetup.com;Male;154.26.136.171;5;6
942;Sara;Kim;skimq5@redcross.org;Female;204.80.29.130;19;79336
943;Willie;Owens;wowensq6@barnesandnoble.com;Male;134.74.47.89;18;6196
944;Sandra;Morris;smorrisq7@ehow.com;Female;171.205.22.175;40;18389
945;Anthony;Bowman;abowmanq8@livejournal.com;Male;230.29.63.218;62;41856
946;Marie;Cooper;mcooperq9@cafepress.com;Female;239.15.79.49;10;54271
947;Kenneth;Daniels;kdanielsqa@eventbrite.com;Male;255.20.115.234;94;7
948;Clarence;Spencer;cspencerqb@sogou.com;Male;65.46.151.30;43;18818
949;Judith;Martinez;jmartinezqc@intel.com;Female;76.119.107.116;67;30263
950;Bonnie;Webb;bwebbqd@ebay.co.uk;Female;95.149.221.196;8;19107
951;Fred;Carr;fcarrqe@networkadvertising.org;Male;215.174.242.136;15;0
952;Michael;Reid;mreidqf@globo.com;Male;66.148.119.186;13;988
953;Katherine;Medina;kmedinaqg@fotki.com;Female;37.211.209.253;85;620
954;Evelyn;Williamson;ewilliamsonqh@examiner.com;Female;5.175.16.65;84;2
955;Mark;Butler;mbutlerqi@vimeo.com;Male;26.48.129.193;51;54
956;Pamela;Alexander;palexanderqj@icio.us;Female;223.30.135.128;77;685
957;Robert;Day;rdayqk@addtoany.com;Male;244.242.72.116;77;0
958;Bruce;Mcdonald;bmcdonaldql@ustream.tv;Male;181.147.108.198;21;831
959;Janet;Spencer;jspencerqm@trellian.com;Female;67.43.70.103;96;558
960;Amy;Wells;awellsqn@wsj.com;Female;24.41.150.138;75;54
961;William;Ellis;wellisqo@prlog.org;Male;114.64.158.178;21;084
962;Amanda;Meyer;ameyerqp@ebay.co.uk;Female;71.218.172.68;81;13
963;Steve;Lynch;slynchqq@123-reg.co.uk;Male;252.236.118.216;80;15
964;Timothy;Mills;tmillsqr@google.de;Male;140.208.131.168;80;50
965;Matthew;Peterson;mpetersonqs@wsj.com;Male;166.133.227.90;69;65
966;Shirley;Fernandez;sfernandezqt@sourceforge.net;Female;145.246.118.27;58;127
967;Philip;Cox;pcoxqu@biglobe.ne.jp;Male;128.2.136.194;70;186
968;Aaron;Sullivan;asullivanqv@nbcnews.com;Male;87.177.97.15;59;75795
969;Scott;Bailey;sbaileyqw@friendfeed.com;Male;208.75.9.129;72;6
970;Lois;Howell;lhowellqx@posterous.com;Female;147.117.64.134;94;621
971;Jack;Allen;jallenqy@bbc.co.uk;Male;38.97.173.121;81;33647
972;Ryan;Morales;rmoralesqz@japanpost.jp;Male;129.24.137.210;28;29750
973;Steve;Vasquez;svasquezr0@phpbb.com;Male;5.192.66.104;50;041
974;Lawrence;Richardson;lrichardsonr1@admin.ch;Male;98.136.226.168;90;14795
975;Jerry;Taylor;jtaylorr2@cyberchimps.com;Male;25.52.115.194;55;71
976;Jason;Harrison;jharrisonr3@discovery.com;Male;80.122.199.135;16;62222
977;Matthew;Fields;mfieldsr4@admin.ch;Male;115.152.65.193;52;24
978;Jennifer;Murphy;jmurphyr5@ow.ly;Female;101.199.49.178;14;16410
979;Earl;Henry;ehenryr6@spotify.com;Male;162.76.183.100;34;63
980;Anne;Marshall;amarshallr7@g.co;Female;182.201.170.162;59;98903
981;Mary;Cole;mcoler8@amazon.de;Female;21.192.137.196;18;15
982;Janice;Perez;jperezr9@unblog.fr;Female;6.54.243.151;34;12385
983;Walter;George;wgeorgera@nyu.edu;Male;103.160.243.202;8;79834
984;Craig;Sanchez;csanchezrb@chron.com;Male;66.186.125.246;1;2
985;Laura;Gonzalez;lgonzalezrc@webeden.co.uk;Female;150.13.68.71;4;8872
986;Gloria;Wheeler;gwheelerrd@microsoft.com;Female;11.191.208.145;44;6
987;Betty;Gray;bgrayre@etsy.com;Female;4.60.82.128;47;06
988;Timothy;Carpenter;tcarpenterrf@google.fr;Male;193.101.118.14;9;7
989;Ronald;Moore;rmoorerg@bbc.co.uk;Male;2.43.116.195;25;69
990;Brian;Thompson;bthompsonrh@sourceforge.net;Male;46.176.50.98;61;4
991;Jerry;Brooks;jbrooksri@elegantthemes.com;Male;49.24.196.24;67;16413
992;Samuel;Lopez;slopezrj@cnet.com;Male;52.227.225.253;37;98239
993;Jack;Ruiz;jruizrk@amazonaws.com;Male;97.93.6.43;25;1
994;Tammy;Wilson;twilsonrl@patch.com;Female;17.249.32.199;38;96
995;Christina;Simmons;csimmonsrm@cocolog-nifty.com;Female;91.57.190.235;35;906
996;William;Harper;wharperrn@wiley.com;Male;122.113.59.37;95;1101
997;Maria;Garrett;mgarrettro@prlog.org;Female;67.153.63.28;82;992
998;Thomas;Allen;tallenrp@mac.com;Male;11.5.86.127;36;5922
999;Craig;Hansen;chansenrq@phoca.cz;Male;13.88.252.50;84;9995
1000;Edward;Woods;ewoodsrr@admin.ch;Male;58.113.252.160;67;3
